_dataset,actionability_score,activity_tags,address,aggregator_domain,ai_source_file,ai_source_kind,ai_source_record_id,candidate_id,candidate_status,capacity_max_detected,capacity_text,category,city,confidence_score,constraints_tags,contact,dedupe_key,department,description,email_questions,evidence_text,fit_beyond_score,formal_completeness_score,formal_extraction_status,formal_scrape_checked_at,formal_scrape_content_type,geo_status,is_aggregator,last_seen_at,lat,lon,missing_formal_fields,name,observation_count,page_type,price_score,price_text,rental_decision_needed,rental_email_question,rental_negative_signals,rental_positive_signals,rental_possible_confidence,rental_possible_status,source_confidence,source_domain,source_reliability,source_url,space_tags,specific_rental_page_url,website
candidate,70,,,,ai_classify_batch_0.jsonl,extracted_from_listing,venue_venue_cnd.fr_pdf location de studios a paris et proche banlieue_,venue_venue_cnd.fr_pdf location de studios a paris et proche banlieue__x0_bac544360b,to_contact,0,,catalog pdf,,0.65,,,espace_culturel_bertin_poir_e_,75,"PDF catalog listing dozens of dance studios for rental in Paris and nearby banlieue. Contains individual studio names, addresses, capacities, and some pricing. Multiple venues with addresses identifiable. Marked as catalog_pdf with extracted_venues.","capacity, city, email, phone, price","PDF catalog listing dozens of dance studios for rental in Paris and nearby banlieue. Contains individual studio names, addresses, capacities, and some pricing. Multiple venues with addresses identifiable. Marked as catalog_pdf with extracted_venues.",70,3/8,ai_adaptive_extracted,2026-06-20,catalog_pdf,in_scope,no,2026-06-20,,,"capacity, city, email, phone, price",Espace Culturel Bertin Poirée,2,catalog_pdf,0,,no,,,"PDF catalog listing dozens of dance studios for rental in Paris and nearby banlieue. Contains individual studio names, addresses, capacities, and some pricing. Multiple venues with addresses identifiable. Marked as catalog_pdf with extracted_venues.",0.85,possible,0.65,cnd.fr,S4,https://www.cnd.fr/fr/file/file/96/inline/locstudiojuin2017.pdf,,https://www.cnd.fr/fr/file/file/96/inline/locstudiojuin2017.pdf,https://www.cnd.fr/fr/file/file/96/inline/locstudiojuin2017.pdf
candidate,70,,,,ai_classify_batch_0.jsonl,extracted_from_listing,venue_venue_cnd.fr_pdf location de studios a paris et proche banlieue_,venue_venue_cnd.fr_pdf location de studios a paris et proche banlieue__x1_a50de9c24c,to_contact,0,,catalog pdf,,0.65,,,studio_magenia_,75,"PDF catalog listing dozens of dance studios for rental in Paris and nearby banlieue. Contains individual studio names, addresses, capacities, and some pricing. Multiple venues with addresses identifiable. Marked as catalog_pdf with extracted_venues.","capacity, city, email, phone, price","PDF catalog listing dozens of dance studios for rental in Paris and nearby banlieue. Contains individual studio names, addresses, capacities, and some pricing. Multiple venues with addresses identifiable. Marked as catalog_pdf with extracted_venues.",70,3/8,ai_adaptive_extracted,2026-06-20,catalog_pdf,in_scope,no,2026-06-20,,,"capacity, city, email, phone, price",Studio Magenia,2,catalog_pdf,0,,no,,,"PDF catalog listing dozens of dance studios for rental in Paris and nearby banlieue. Contains individual studio names, addresses, capacities, and some pricing. Multiple venues with addresses identifiable. Marked as catalog_pdf with extracted_venues.",0.85,possible,0.65,cnd.fr,S4,https://www.cnd.fr/fr/file/file/96/inline/locstudiojuin2017.pdf,,https://www.cnd.fr/fr/file/file/96/inline/locstudiojuin2017.pdf,https://www.cnd.fr/fr/file/file/96/inline/locstudiojuin2017.pdf
candidate,70,,,,ai_classify_batch_0.jsonl,extracted_from_listing,venue_venue_cnd.fr_pdf location de studios a paris et proche banlieue_,venue_venue_cnd.fr_pdf location de studios a paris et proche banlieue__x2_50bedd36f3,to_contact,0,,catalog pdf,,0.65,,,elephant_paname_,75,"PDF catalog listing dozens of dance studios for rental in Paris and nearby banlieue. Contains individual studio names, addresses, capacities, and some pricing. Multiple venues with addresses identifiable. Marked as catalog_pdf with extracted_venues.","capacity, city, email, phone, price","PDF catalog listing dozens of dance studios for rental in Paris and nearby banlieue. Contains individual studio names, addresses, capacities, and some pricing. Multiple venues with addresses identifiable. Marked as catalog_pdf with extracted_venues.",70,3/8,ai_adaptive_extracted,2026-06-20,catalog_pdf,in_scope,no,2026-06-20,,,"capacity, city, email, phone, price",Elephant Paname,2,catalog_pdf,0,,no,,,"PDF catalog listing dozens of dance studios for rental in Paris and nearby banlieue. Contains individual studio names, addresses, capacities, and some pricing. Multiple venues with addresses identifiable. Marked as catalog_pdf with extracted_venues.",0.85,possible,0.65,cnd.fr,S4,https://www.cnd.fr/fr/file/file/96/inline/locstudiojuin2017.pdf,,https://www.cnd.fr/fr/file/file/96/inline/locstudiojuin2017.pdf,https://www.cnd.fr/fr/file/file/96/inline/locstudiojuin2017.pdf
candidate,70,,,,ai_classify_batch_0.jsonl,extracted_from_listing,venue_venue_cnd.fr_pdf location de studios a paris et proche banlieue_,venue_venue_cnd.fr_pdf location de studios a paris et proche banlieue__x3_ee410ea61c,to_contact,0,,catalog pdf,,0.65,,,salsabor_studio_,75,"PDF catalog listing dozens of dance studios for rental in Paris and nearby banlieue. Contains individual studio names, addresses, capacities, and some pricing. Multiple venues with addresses identifiable. Marked as catalog_pdf with extracted_venues.","capacity, city, email, phone, price","PDF catalog listing dozens of dance studios for rental in Paris and nearby banlieue. Contains individual studio names, addresses, capacities, and some pricing. Multiple venues with addresses identifiable. Marked as catalog_pdf with extracted_venues.",70,3/8,ai_adaptive_extracted,2026-06-20,catalog_pdf,in_scope,no,2026-06-20,,,"capacity, city, email, phone, price",Salsabor Studio,2,catalog_pdf,0,,no,,,"PDF catalog listing dozens of dance studios for rental in Paris and nearby banlieue. Contains individual studio names, addresses, capacities, and some pricing. Multiple venues with addresses identifiable. Marked as catalog_pdf with extracted_venues.",0.85,possible,0.65,cnd.fr,S4,https://www.cnd.fr/fr/file/file/96/inline/locstudiojuin2017.pdf,,https://www.cnd.fr/fr/file/file/96/inline/locstudiojuin2017.pdf,https://www.cnd.fr/fr/file/file/96/inline/locstudiojuin2017.pdf
candidate,70,,,,ai_classify_batch_0.jsonl,extracted_from_listing,venue_venue_cnd.fr_pdf location de studios a paris et proche banlieue_,venue_venue_cnd.fr_pdf location de studios a paris et proche banlieue__x4_347c544da2,to_contact,0,,catalog pdf,,0.65,,,centre_de_danse_du_marais_,75,"PDF catalog listing dozens of dance studios for rental in Paris and nearby banlieue. Contains individual studio names, addresses, capacities, and some pricing. Multiple venues with addresses identifiable. Marked as catalog_pdf with extracted_venues.","capacity, city, email, phone, price","PDF catalog listing dozens of dance studios for rental in Paris and nearby banlieue. Contains individual studio names, addresses, capacities, and some pricing. Multiple venues with addresses identifiable. Marked as catalog_pdf with extracted_venues.",70,3/8,ai_adaptive_extracted,2026-06-20,catalog_pdf,in_scope,no,2026-06-20,,,"capacity, city, email, phone, price",Centre de Danse du Marais,2,catalog_pdf,0,,no,,,"PDF catalog listing dozens of dance studios for rental in Paris and nearby banlieue. Contains individual studio names, addresses, capacities, and some pricing. Multiple venues with addresses identifiable. Marked as catalog_pdf with extracted_venues.",0.85,possible,0.65,cnd.fr,S4,https://www.cnd.fr/fr/file/file/96/inline/locstudiojuin2017.pdf,,https://www.cnd.fr/fr/file/file/96/inline/locstudiojuin2017.pdf,https://www.cnd.fr/fr/file/file/96/inline/locstudiojuin2017.pdf
candidate,70,,,,ai_classify_batch_0.jsonl,extracted_from_listing,venue_venue_cnd.fr_pdf location de studios a paris et proche banlieue_,venue_venue_cnd.fr_pdf location de studios a paris et proche banlieue__x5_709cde5475,to_contact,0,,catalog pdf,,0.65,,,espace_sport_et_danse_,75,"PDF catalog listing dozens of dance studios for rental in Paris and nearby banlieue. Contains individual studio names, addresses, capacities, and some pricing. Multiple venues with addresses identifiable. Marked as catalog_pdf with extracted_venues.","capacity, city, email, phone, price","PDF catalog listing dozens of dance studios for rental in Paris and nearby banlieue. Contains individual studio names, addresses, capacities, and some pricing. Multiple venues with addresses identifiable. Marked as catalog_pdf with extracted_venues.",70,3/8,ai_adaptive_extracted,2026-06-20,catalog_pdf,in_scope,no,2026-06-20,,,"capacity, city, email, phone, price",Espace Sport et Danse,2,catalog_pdf,0,,no,,,"PDF catalog listing dozens of dance studios for rental in Paris and nearby banlieue. Contains individual studio names, addresses, capacities, and some pricing. Multiple venues with addresses identifiable. Marked as catalog_pdf with extracted_venues.",0.85,possible,0.65,cnd.fr,S4,https://www.cnd.fr/fr/file/file/96/inline/locstudiojuin2017.pdf,,https://www.cnd.fr/fr/file/file/96/inline/locstudiojuin2017.pdf,https://www.cnd.fr/fr/file/file/96/inline/locstudiojuin2017.pdf
candidate,70,,,,ai_classify_batch_0.jsonl,extracted_from_listing,venue_venue_cnd.fr_pdf location de studios a paris et proche banlieue_,venue_venue_cnd.fr_pdf location de studios a paris et proche banlieue__x6_c9d8d4bd28,to_contact,0,,catalog pdf,,0.65,,,micadanses_,75,"PDF catalog listing dozens of dance studios for rental in Paris and nearby banlieue. Contains individual studio names, addresses, capacities, and some pricing. Multiple venues with addresses identifiable. Marked as catalog_pdf with extracted_venues.","capacity, city, email, phone, price","PDF catalog listing dozens of dance studios for rental in Paris and nearby banlieue. Contains individual studio names, addresses, capacities, and some pricing. Multiple venues with addresses identifiable. Marked as catalog_pdf with extracted_venues.",70,3/8,ai_adaptive_extracted,2026-06-20,catalog_pdf,in_scope,no,2026-06-20,,,"capacity, city, email, phone, price",Micadanses,2,catalog_pdf,0,,no,,,"PDF catalog listing dozens of dance studios for rental in Paris and nearby banlieue. Contains individual studio names, addresses, capacities, and some pricing. Multiple venues with addresses identifiable. Marked as catalog_pdf with extracted_venues.",0.85,possible,0.65,cnd.fr,S4,https://www.cnd.fr/fr/file/file/96/inline/locstudiojuin2017.pdf,,https://www.cnd.fr/fr/file/file/96/inline/locstudiojuin2017.pdf,https://www.cnd.fr/fr/file/file/96/inline/locstudiojuin2017.pdf
candidate,70,,,,ai_classify_batch_0.jsonl,extracted_from_listing,venue_venue_fontenay-aux-roses.fr_louer une salle municipale fontenayauxroses_,venue_venue_fontenay-aux-roses.fr_louer une salle municipale fontenayauxroses__x0_92d290b194,to_contact,0,,municipal hall listing,,0.65,,,salle_de_l_glise_,92,"Municipal page listing 8 rental halls in Fontenay-aux-Roses with 'louer une salle' rental signal. Individual hall names identified but missing capacity, pricing, and specific addresses. Marked as municipal_hall_listing with extracted_venues.","capacity, city, email, phone, price","Municipal page listing 8 rental halls in Fontenay-aux-Roses with 'louer une salle' rental signal. Individual hall names identified but missing capacity, pricing, and specific addresses. Marked as municipal_hall_listing with extracted_venues.",70,3/8,ai_adaptive_extracted,2026-06-20,municipal_hall_listing,in_scope,no,2026-06-20,,,"capacity, city, email, phone, price",Salle de l'Église,2,municipal_hall_listing,0,,no,,,"Municipal page listing 8 rental halls in Fontenay-aux-Roses with 'louer une salle' rental signal. Individual hall names identified but missing capacity, pricing, and specific addresses. Marked as municipal_hall_listing with extracted_venues.",0.85,possible,0.65,fontenay-aux-roses.fr,S4,https://www.fontenay-aux-roses.fr/loisirs/vie-associative/louer-une-salle-municipale,,https://www.fontenay-aux-roses.fr/loisirs/vie-associative/louer-une-salle-municipale,https://www.fontenay-aux-roses.fr/loisirs/vie-associative/louer-une-salle-municipale
candidate,70,,,,ai_classify_batch_0.jsonl,extracted_from_listing,venue_venue_fontenay-aux-roses.fr_louer une salle municipale fontenayauxroses_,venue_venue_fontenay-aux-roses.fr_louer une salle municipale fontenayauxroses__x1_036da1ecb8,to_contact,0,,municipal hall listing,,0.65,,,salle_du_parc_,92,"Municipal page listing 8 rental halls in Fontenay-aux-Roses with 'louer une salle' rental signal. Individual hall names identified but missing capacity, pricing, and specific addresses. Marked as municipal_hall_listing with extracted_venues.","capacity, city, email, phone, price","Municipal page listing 8 rental halls in Fontenay-aux-Roses with 'louer une salle' rental signal. Individual hall names identified but missing capacity, pricing, and specific addresses. Marked as municipal_hall_listing with extracted_venues.",70,3/8,ai_adaptive_extracted,2026-06-20,municipal_hall_listing,in_scope,no,2026-06-20,,,"capacity, city, email, phone, price",Salle du Parc,2,municipal_hall_listing,0,,no,,,"Municipal page listing 8 rental halls in Fontenay-aux-Roses with 'louer une salle' rental signal. Individual hall names identified but missing capacity, pricing, and specific addresses. Marked as municipal_hall_listing with extracted_venues.",0.85,possible,0.65,fontenay-aux-roses.fr,S4,https://www.fontenay-aux-roses.fr/loisirs/vie-associative/louer-une-salle-municipale,,https://www.fontenay-aux-roses.fr/loisirs/vie-associative/louer-une-salle-municipale,https://www.fontenay-aux-roses.fr/loisirs/vie-associative/louer-une-salle-municipale
candidate,70,,,,ai_classify_batch_0.jsonl,extracted_from_listing,venue_venue_fontenay-aux-roses.fr_louer une salle municipale fontenayauxroses_,venue_venue_fontenay-aux-roses.fr_louer une salle municipale fontenayauxroses__x2_361fc1d39e,to_contact,0,,municipal hall listing,,0.65,,,salle_laboissi_re_,92,"Municipal page listing 8 rental halls in Fontenay-aux-Roses with 'louer une salle' rental signal. Individual hall names identified but missing capacity, pricing, and specific addresses. Marked as municipal_hall_listing with extracted_venues.","capacity, city, email, phone, price","Municipal page listing 8 rental halls in Fontenay-aux-Roses with 'louer une salle' rental signal. Individual hall names identified but missing capacity, pricing, and specific addresses. Marked as municipal_hall_listing with extracted_venues.",70,3/8,ai_adaptive_extracted,2026-06-20,municipal_hall_listing,in_scope,no,2026-06-20,,,"capacity, city, email, phone, price",Salle Laboissière,2,municipal_hall_listing,0,,no,,,"Municipal page listing 8 rental halls in Fontenay-aux-Roses with 'louer une salle' rental signal. Individual hall names identified but missing capacity, pricing, and specific addresses. Marked as municipal_hall_listing with extracted_venues.",0.85,possible,0.65,fontenay-aux-roses.fr,S4,https://www.fontenay-aux-roses.fr/loisirs/vie-associative/louer-une-salle-municipale,,https://www.fontenay-aux-roses.fr/loisirs/vie-associative/louer-une-salle-municipale,https://www.fontenay-aux-roses.fr/loisirs/vie-associative/louer-une-salle-municipale
candidate,70,,,,ai_classify_batch_0.jsonl,extracted_from_listing,venue_venue_fontenay-aux-roses.fr_louer une salle municipale fontenayauxroses_,venue_venue_fontenay-aux-roses.fr_louer une salle municipale fontenayauxroses__x3_b5ee79bf74,to_contact,0,,municipal hall listing,,0.65,,,petites_salles_du_ch_teau_sainte_barbe_,92,"Municipal page listing 8 rental halls in Fontenay-aux-Roses with 'louer une salle' rental signal. Individual hall names identified but missing capacity, pricing, and specific addresses. Marked as municipal_hall_listing with extracted_venues.","capacity, city, email, phone, price","Municipal page listing 8 rental halls in Fontenay-aux-Roses with 'louer une salle' rental signal. Individual hall names identified but missing capacity, pricing, and specific addresses. Marked as municipal_hall_listing with extracted_venues.",70,3/8,ai_adaptive_extracted,2026-06-20,municipal_hall_listing,in_scope,no,2026-06-20,,,"capacity, city, email, phone, price",Petites salles du Château Sainte-Barbe,2,municipal_hall_listing,0,,no,,,"Municipal page listing 8 rental halls in Fontenay-aux-Roses with 'louer une salle' rental signal. Individual hall names identified but missing capacity, pricing, and specific addresses. Marked as municipal_hall_listing with extracted_venues.",0.85,possible,0.65,fontenay-aux-roses.fr,S4,https://www.fontenay-aux-roses.fr/loisirs/vie-associative/louer-une-salle-municipale,,https://www.fontenay-aux-roses.fr/loisirs/vie-associative/louer-une-salle-municipale,https://www.fontenay-aux-roses.fr/loisirs/vie-associative/louer-une-salle-municipale
candidate,70,,,,ai_classify_batch_0.jsonl,extracted_from_listing,venue_venue_fontenay-aux-roses.fr_louer une salle municipale fontenayauxroses_,venue_venue_fontenay-aux-roses.fr_louer une salle municipale fontenayauxroses__x4_796da85aa2,to_contact,0,,municipal hall listing,,0.65,,,salle_sainte_barbe_,92,"Municipal page listing 8 rental halls in Fontenay-aux-Roses with 'louer une salle' rental signal. Individual hall names identified but missing capacity, pricing, and specific addresses. Marked as municipal_hall_listing with extracted_venues.","capacity, city, email, phone, price","Municipal page listing 8 rental halls in Fontenay-aux-Roses with 'louer une salle' rental signal. Individual hall names identified but missing capacity, pricing, and specific addresses. Marked as municipal_hall_listing with extracted_venues.",70,3/8,ai_adaptive_extracted,2026-06-20,municipal_hall_listing,in_scope,no,2026-06-20,,,"capacity, city, email, phone, price",Salle Sainte-Barbe,2,municipal_hall_listing,0,,no,,,"Municipal page listing 8 rental halls in Fontenay-aux-Roses with 'louer une salle' rental signal. Individual hall names identified but missing capacity, pricing, and specific addresses. Marked as municipal_hall_listing with extracted_venues.",0.85,possible,0.65,fontenay-aux-roses.fr,S4,https://www.fontenay-aux-roses.fr/loisirs/vie-associative/louer-une-salle-municipale,,https://www.fontenay-aux-roses.fr/loisirs/vie-associative/louer-une-salle-municipale,https://www.fontenay-aux-roses.fr/loisirs/vie-associative/louer-une-salle-municipale
candidate,70,,,,ai_classify_batch_0.jsonl,extracted_from_listing,venue_venue_fontenay-aux-roses.fr_louer une salle municipale fontenayauxroses_,venue_venue_fontenay-aux-roses.fr_louer une salle municipale fontenayauxroses__x5_3d1631bb78,to_contact,0,,municipal hall listing,,0.65,,,salle_pierre_bonnard_,92,"Municipal page listing 8 rental halls in Fontenay-aux-Roses with 'louer une salle' rental signal. Individual hall names identified but missing capacity, pricing, and specific addresses. Marked as municipal_hall_listing with extracted_venues.","capacity, city, email, phone, price","Municipal page listing 8 rental halls in Fontenay-aux-Roses with 'louer une salle' rental signal. Individual hall names identified but missing capacity, pricing, and specific addresses. Marked as municipal_hall_listing with extracted_venues.",70,3/8,ai_adaptive_extracted,2026-06-20,municipal_hall_listing,in_scope,no,2026-06-20,,,"capacity, city, email, phone, price",Salle Pierre Bonnard,2,municipal_hall_listing,0,,no,,,"Municipal page listing 8 rental halls in Fontenay-aux-Roses with 'louer une salle' rental signal. Individual hall names identified but missing capacity, pricing, and specific addresses. Marked as municipal_hall_listing with extracted_venues.",0.85,possible,0.65,fontenay-aux-roses.fr,S4,https://www.fontenay-aux-roses.fr/loisirs/vie-associative/louer-une-salle-municipale,,https://www.fontenay-aux-roses.fr/loisirs/vie-associative/louer-une-salle-municipale,https://www.fontenay-aux-roses.fr/loisirs/vie-associative/louer-une-salle-municipale
candidate,70,,,,ai_classify_batch_0.jsonl,extracted_from_listing,venue_venue_fontenay-aux-roses.fr_louer une salle municipale fontenayauxroses_,venue_venue_fontenay-aux-roses.fr_louer une salle municipale fontenayauxroses__x6_7f532667ca,to_contact,0,,municipal hall listing,,0.65,,,espace_rosa_bonheur_salle_polyvalente_,92,"Municipal page listing 8 rental halls in Fontenay-aux-Roses with 'louer une salle' rental signal. Individual hall names identified but missing capacity, pricing, and specific addresses. Marked as municipal_hall_listing with extracted_venues.","capacity, city, email, phone, price","Municipal page listing 8 rental halls in Fontenay-aux-Roses with 'louer une salle' rental signal. Individual hall names identified but missing capacity, pricing, and specific addresses. Marked as municipal_hall_listing with extracted_venues.",70,3/8,ai_adaptive_extracted,2026-06-20,municipal_hall_listing,in_scope,no,2026-06-20,,,"capacity, city, email, phone, price",Espace Rosa Bonheur - salle polyvalente,2,municipal_hall_listing,0,,no,,,"Municipal page listing 8 rental halls in Fontenay-aux-Roses with 'louer une salle' rental signal. Individual hall names identified but missing capacity, pricing, and specific addresses. Marked as municipal_hall_listing with extracted_venues.",0.85,possible,0.65,fontenay-aux-roses.fr,S4,https://www.fontenay-aux-roses.fr/loisirs/vie-associative/louer-une-salle-municipale,,https://www.fontenay-aux-roses.fr/loisirs/vie-associative/louer-une-salle-municipale,https://www.fontenay-aux-roses.fr/loisirs/vie-associative/louer-une-salle-municipale
candidate,70,,,,ai_classify_batch_0.jsonl,extracted_from_listing,venue_venue_fontenay-aux-roses.fr_louer une salle municipale fontenayauxroses_,venue_venue_fontenay-aux-roses.fr_louer une salle municipale fontenayauxroses__x7_309b548417,to_contact,0,,municipal hall listing,,0.65,,,espace_rosa_bonheur_salle_de_r_union_,92,"Municipal page listing 8 rental halls in Fontenay-aux-Roses with 'louer une salle' rental signal. Individual hall names identified but missing capacity, pricing, and specific addresses. Marked as municipal_hall_listing with extracted_venues.","capacity, city, email, phone, price","Municipal page listing 8 rental halls in Fontenay-aux-Roses with 'louer une salle' rental signal. Individual hall names identified but missing capacity, pricing, and specific addresses. Marked as municipal_hall_listing with extracted_venues.",70,3/8,ai_adaptive_extracted,2026-06-20,municipal_hall_listing,in_scope,no,2026-06-20,,,"capacity, city, email, phone, price",Espace Rosa Bonheur - salle de réunion,2,municipal_hall_listing,0,,no,,,"Municipal page listing 8 rental halls in Fontenay-aux-Roses with 'louer une salle' rental signal. Individual hall names identified but missing capacity, pricing, and specific addresses. Marked as municipal_hall_listing with extracted_venues.",0.85,possible,0.65,fontenay-aux-roses.fr,S4,https://www.fontenay-aux-roses.fr/loisirs/vie-associative/louer-une-salle-municipale,,https://www.fontenay-aux-roses.fr/loisirs/vie-associative/louer-une-salle-municipale,https://www.fontenay-aux-roses.fr/loisirs/vie-associative/louer-une-salle-municipale
candidate,70,,,,ai_classify_batch_0.jsonl,extracted_from_listing,venue_venue_hangar-y.com_privatisations hangar y_,venue_venue_hangar-y.com_privatisations hangar y__x0_1449b1b957,to_contact,0,,single venue,,0.65,,,la_nef_,92,"Single venue privatization page for Hangar Y, a historic monument in Meudon. Clear 'privatisation' rental signal with 4 distinct event spaces (La Nef, L'Atelier, Restaurant Les Roseaux, La Guinguette). Detailed capacity and surface info per space. Missing pricing. Marked as single_venue with extracted_venues for sub-spaces.","capacity, city, email, phone, price","Single venue privatization page for Hangar Y, a historic monument in Meudon. Clear 'privatisation' rental signal with 4 distinct event spaces (La Nef, L'Atelier, Restaurant Les Roseaux, La Guinguette). Detailed capacity and surface info per space. Missing pricing. Marked as single_venue with extracted_venues for sub-spaces.",70,3/8,ai_adaptive_extracted,2026-06-20,single_venue,in_scope,no,2026-06-20,,,"capacity, city, email, phone, price",La Nef,1,single_venue,0,,no,,,"Single venue privatization page for Hangar Y, a historic monument in Meudon. Clear 'privatisation' rental signal with 4 distinct event spaces (La Nef, L'Atelier, Restaurant Les Roseaux, La Guinguette). Detailed capacity and surface info per space. Missing pricing. Marked as single_venue with extracted_venues for sub-spaces.",0.85,possible,0.65,hangar-y.com,S4,https://hangar-y.com/privatisation,,https://hangar-y.com/privatisation,https://hangar-y.com/privatisation
candidate,70,,,,ai_classify_batch_0.jsonl,extracted_from_listing,venue_venue_hangar-y.com_privatisations hangar y_,venue_venue_hangar-y.com_privatisations hangar y__x1_3fe6fe0216,to_contact,0,,single venue,,0.65,,,l_atelier_,92,"Single venue privatization page for Hangar Y, a historic monument in Meudon. Clear 'privatisation' rental signal with 4 distinct event spaces (La Nef, L'Atelier, Restaurant Les Roseaux, La Guinguette). Detailed capacity and surface info per space. Missing pricing. Marked as single_venue with extracted_venues for sub-spaces.","capacity, city, email, phone, price","Single venue privatization page for Hangar Y, a historic monument in Meudon. Clear 'privatisation' rental signal with 4 distinct event spaces (La Nef, L'Atelier, Restaurant Les Roseaux, La Guinguette). Detailed capacity and surface info per space. Missing pricing. Marked as single_venue with extracted_venues for sub-spaces.",70,3/8,ai_adaptive_extracted,2026-06-20,single_venue,in_scope,no,2026-06-20,,,"capacity, city, email, phone, price",L'Atelier,1,single_venue,0,,no,,,"Single venue privatization page for Hangar Y, a historic monument in Meudon. Clear 'privatisation' rental signal with 4 distinct event spaces (La Nef, L'Atelier, Restaurant Les Roseaux, La Guinguette). Detailed capacity and surface info per space. Missing pricing. Marked as single_venue with extracted_venues for sub-spaces.",0.85,possible,0.65,hangar-y.com,S4,https://hangar-y.com/privatisation,,https://hangar-y.com/privatisation,https://hangar-y.com/privatisation
candidate,70,,,,ai_classify_batch_0.jsonl,extracted_from_listing,venue_venue_hangar-y.com_privatisations hangar y_,venue_venue_hangar-y.com_privatisations hangar y__x2_77225311d4,to_contact,0,,single venue,,0.65,,,restaurant_les_roseaux_,92,"Single venue privatization page for Hangar Y, a historic monument in Meudon. Clear 'privatisation' rental signal with 4 distinct event spaces (La Nef, L'Atelier, Restaurant Les Roseaux, La Guinguette). Detailed capacity and surface info per space. Missing pricing. Marked as single_venue with extracted_venues for sub-spaces.","capacity, city, email, phone, price","Single venue privatization page for Hangar Y, a historic monument in Meudon. Clear 'privatisation' rental signal with 4 distinct event spaces (La Nef, L'Atelier, Restaurant Les Roseaux, La Guinguette). Detailed capacity and surface info per space. Missing pricing. Marked as single_venue with extracted_venues for sub-spaces.",70,3/8,ai_adaptive_extracted,2026-06-20,single_venue,in_scope,no,2026-06-20,,,"capacity, city, email, phone, price",Restaurant Les Roseaux,1,single_venue,0,,no,,,"Single venue privatization page for Hangar Y, a historic monument in Meudon. Clear 'privatisation' rental signal with 4 distinct event spaces (La Nef, L'Atelier, Restaurant Les Roseaux, La Guinguette). Detailed capacity and surface info per space. Missing pricing. Marked as single_venue with extracted_venues for sub-spaces.",0.85,possible,0.65,hangar-y.com,S4,https://hangar-y.com/privatisation,,https://hangar-y.com/privatisation,https://hangar-y.com/privatisation
candidate,70,,,,ai_classify_batch_0.jsonl,extracted_from_listing,venue_venue_hangar-y.com_privatisations hangar y_,venue_venue_hangar-y.com_privatisations hangar y__x3_d3e64248ab,to_contact,0,,single venue,,0.65,,,la_guinguette_,92,"Single venue privatization page for Hangar Y, a historic monument in Meudon. Clear 'privatisation' rental signal with 4 distinct event spaces (La Nef, L'Atelier, Restaurant Les Roseaux, La Guinguette). Detailed capacity and surface info per space. Missing pricing. Marked as single_venue with extracted_venues for sub-spaces.","capacity, city, email, phone, price","Single venue privatization page for Hangar Y, a historic monument in Meudon. Clear 'privatisation' rental signal with 4 distinct event spaces (La Nef, L'Atelier, Restaurant Les Roseaux, La Guinguette). Detailed capacity and surface info per space. Missing pricing. Marked as single_venue with extracted_venues for sub-spaces.",70,3/8,ai_adaptive_extracted,2026-06-20,single_venue,in_scope,no,2026-06-20,,,"capacity, city, email, phone, price",La Guinguette,1,single_venue,0,,no,,,"Single venue privatization page for Hangar Y, a historic monument in Meudon. Clear 'privatisation' rental signal with 4 distinct event spaces (La Nef, L'Atelier, Restaurant Les Roseaux, La Guinguette). Detailed capacity and surface info per space. Missing pricing. Marked as single_venue with extracted_venues for sub-spaces.",0.85,possible,0.65,hangar-y.com,S4,https://hangar-y.com/privatisation,,https://hangar-y.com/privatisation,https://hangar-y.com/privatisation
candidate,70,,,,ai_classify_batch_0.jsonl,extracted_from_listing,venue_venue_maisondesarts.plessis-robinson.com_privatisation maison des arts de plessis robinson privatisation maison des arts de plessis robinson_,venue_venue_maisondesarts.plessis-robinson.com_privatisation maison des arts de plessis robinson privatisation maison des arts de plessis robinson__x0_bd380709a4,to_contact,0,,single venue,,0.65,,,th_tre_de_l_allegria_,92,Single venue privatization page for Maison des Arts du Plessis-Robinson. Clear 'privatisation' rental signal. Lists 8 distinct event spaces with capacities. Contact information present but pricing is missing. Marked as single_venue with extracted_venues for sub-spaces.,"capacity, city, email, phone, price",Single venue privatization page for Maison des Arts du Plessis-Robinson. Clear 'privatisation' rental signal. Lists 8 distinct event spaces with capacities. Contact information present but pricing is missing. Marked as single_venue with extracted_venues for sub-spaces.,70,3/8,ai_adaptive_extracted,2026-06-20,single_venue,in_scope,no,2026-06-20,,,"capacity, city, email, phone, price",Théâtre de l'Allegria,1,single_venue,0,,no,,,Single venue privatization page for Maison des Arts du Plessis-Robinson. Clear 'privatisation' rental signal. Lists 8 distinct event spaces with capacities. Contact information present but pricing is missing. Marked as single_venue with extracted_venues for sub-spaces.,0.85,possible,0.65,maisondesarts.plessis-robinson.com,S3,https://maisondesarts.plessis-robinson.com/privatisations,,https://maisondesarts.plessis-robinson.com/privatisations,https://maisondesarts.plessis-robinson.com/privatisations
candidate,70,,,,ai_classify_batch_0.jsonl,extracted_from_listing,venue_venue_maisondesarts.plessis-robinson.com_privatisation maison des arts de plessis robinson privatisation maison des arts de plessis robinson_,venue_venue_maisondesarts.plessis-robinson.com_privatisation maison des arts de plessis robinson privatisation maison des arts de plessis robinson__x1_14e678cf4f,to_contact,0,,single venue,,0.65,,,cin_ma_g_rard_philipe_,92,Single venue privatization page for Maison des Arts du Plessis-Robinson. Clear 'privatisation' rental signal. Lists 8 distinct event spaces with capacities. Contact information present but pricing is missing. Marked as single_venue with extracted_venues for sub-spaces.,"capacity, city, email, phone, price",Single venue privatization page for Maison des Arts du Plessis-Robinson. Clear 'privatisation' rental signal. Lists 8 distinct event spaces with capacities. Contact information present but pricing is missing. Marked as single_venue with extracted_venues for sub-spaces.,70,3/8,ai_adaptive_extracted,2026-06-20,single_venue,in_scope,no,2026-06-20,,,"capacity, city, email, phone, price",Cinéma Gérard Philipe,1,single_venue,0,,no,,,Single venue privatization page for Maison des Arts du Plessis-Robinson. Clear 'privatisation' rental signal. Lists 8 distinct event spaces with capacities. Contact information present but pricing is missing. Marked as single_venue with extracted_venues for sub-spaces.,0.85,possible,0.65,maisondesarts.plessis-robinson.com,S3,https://maisondesarts.plessis-robinson.com/privatisations,,https://maisondesarts.plessis-robinson.com/privatisations,https://maisondesarts.plessis-robinson.com/privatisations
candidate,70,,,,ai_classify_batch_0.jsonl,extracted_from_listing,venue_venue_maisondesarts.plessis-robinson.com_privatisation maison des arts de plessis robinson privatisation maison des arts de plessis robinson_,venue_venue_maisondesarts.plessis-robinson.com_privatisation maison des arts de plessis robinson privatisation maison des arts de plessis robinson__x2_86417da821,to_contact,0,,single venue,,0.65,,,salon_andrea_palladio_,92,Single venue privatization page for Maison des Arts du Plessis-Robinson. Clear 'privatisation' rental signal. Lists 8 distinct event spaces with capacities. Contact information present but pricing is missing. Marked as single_venue with extracted_venues for sub-spaces.,"capacity, city, email, phone, price",Single venue privatization page for Maison des Arts du Plessis-Robinson. Clear 'privatisation' rental signal. Lists 8 distinct event spaces with capacities. Contact information present but pricing is missing. Marked as single_venue with extracted_venues for sub-spaces.,70,3/8,ai_adaptive_extracted,2026-06-20,single_venue,in_scope,no,2026-06-20,,,"capacity, city, email, phone, price",Salon Andrea Palladio,1,single_venue,0,,no,,,Single venue privatization page for Maison des Arts du Plessis-Robinson. Clear 'privatisation' rental signal. Lists 8 distinct event spaces with capacities. Contact information present but pricing is missing. Marked as single_venue with extracted_venues for sub-spaces.,0.85,possible,0.65,maisondesarts.plessis-robinson.com,S3,https://maisondesarts.plessis-robinson.com/privatisations,,https://maisondesarts.plessis-robinson.com/privatisations,https://maisondesarts.plessis-robinson.com/privatisations
candidate,70,,,,ai_classify_batch_0.jsonl,extracted_from_listing,venue_venue_maisondesarts.plessis-robinson.com_privatisation maison des arts de plessis robinson privatisation maison des arts de plessis robinson_,venue_venue_maisondesarts.plessis-robinson.com_privatisation maison des arts de plessis robinson privatisation maison des arts de plessis robinson__x3_96bfb0ec23,to_contact,0,,single venue,,0.65,,,salon_canaletto_,92,Single venue privatization page for Maison des Arts du Plessis-Robinson. Clear 'privatisation' rental signal. Lists 8 distinct event spaces with capacities. Contact information present but pricing is missing. Marked as single_venue with extracted_venues for sub-spaces.,"capacity, city, email, phone, price",Single venue privatization page for Maison des Arts du Plessis-Robinson. Clear 'privatisation' rental signal. Lists 8 distinct event spaces with capacities. Contact information present but pricing is missing. Marked as single_venue with extracted_venues for sub-spaces.,70,3/8,ai_adaptive_extracted,2026-06-20,single_venue,in_scope,no,2026-06-20,,,"capacity, city, email, phone, price",Salon Canaletto,1,single_venue,0,,no,,,Single venue privatization page for Maison des Arts du Plessis-Robinson. Clear 'privatisation' rental signal. Lists 8 distinct event spaces with capacities. Contact information present but pricing is missing. Marked as single_venue with extracted_venues for sub-spaces.,0.85,possible,0.65,maisondesarts.plessis-robinson.com,S3,https://maisondesarts.plessis-robinson.com/privatisations,,https://maisondesarts.plessis-robinson.com/privatisations,https://maisondesarts.plessis-robinson.com/privatisations
candidate,70,,,,ai_classify_batch_0.jsonl,extracted_from_listing,venue_venue_maisondesarts.plessis-robinson.com_privatisation maison des arts de plessis robinson privatisation maison des arts de plessis robinson_,venue_venue_maisondesarts.plessis-robinson.com_privatisation maison des arts de plessis robinson privatisation maison des arts de plessis robinson__x4_5829534729,to_contact,0,,single venue,,0.65,,,les_terrasses_,92,Single venue privatization page for Maison des Arts du Plessis-Robinson. Clear 'privatisation' rental signal. Lists 8 distinct event spaces with capacities. Contact information present but pricing is missing. Marked as single_venue with extracted_venues for sub-spaces.,"capacity, city, email, phone, price",Single venue privatization page for Maison des Arts du Plessis-Robinson. Clear 'privatisation' rental signal. Lists 8 distinct event spaces with capacities. Contact information present but pricing is missing. Marked as single_venue with extracted_venues for sub-spaces.,70,3/8,ai_adaptive_extracted,2026-06-20,single_venue,in_scope,no,2026-06-20,,,"capacity, city, email, phone, price",Les Terrasses,1,single_venue,0,,no,,,Single venue privatization page for Maison des Arts du Plessis-Robinson. Clear 'privatisation' rental signal. Lists 8 distinct event spaces with capacities. Contact information present but pricing is missing. Marked as single_venue with extracted_venues for sub-spaces.,0.85,possible,0.65,maisondesarts.plessis-robinson.com,S3,https://maisondesarts.plessis-robinson.com/privatisations,,https://maisondesarts.plessis-robinson.com/privatisations,https://maisondesarts.plessis-robinson.com/privatisations
candidate,70,,,,ai_classify_batch_0.jsonl,extracted_from_listing,venue_venue_maisondesarts.plessis-robinson.com_privatisation maison des arts de plessis robinson privatisation maison des arts de plessis robinson_,venue_venue_maisondesarts.plessis-robinson.com_privatisation maison des arts de plessis robinson privatisation maison des arts de plessis robinson__x5_92716aead0,to_contact,0,,single venue,,0.65,,,la_placette_,92,Single venue privatization page for Maison des Arts du Plessis-Robinson. Clear 'privatisation' rental signal. Lists 8 distinct event spaces with capacities. Contact information present but pricing is missing. Marked as single_venue with extracted_venues for sub-spaces.,"capacity, city, email, phone, price",Single venue privatization page for Maison des Arts du Plessis-Robinson. Clear 'privatisation' rental signal. Lists 8 distinct event spaces with capacities. Contact information present but pricing is missing. Marked as single_venue with extracted_venues for sub-spaces.,70,3/8,ai_adaptive_extracted,2026-06-20,single_venue,in_scope,no,2026-06-20,,,"capacity, city, email, phone, price",La Placette,1,single_venue,0,,no,,,Single venue privatization page for Maison des Arts du Plessis-Robinson. Clear 'privatisation' rental signal. Lists 8 distinct event spaces with capacities. Contact information present but pricing is missing. Marked as single_venue with extracted_venues for sub-spaces.,0.85,possible,0.65,maisondesarts.plessis-robinson.com,S3,https://maisondesarts.plessis-robinson.com/privatisations,,https://maisondesarts.plessis-robinson.com/privatisations,https://maisondesarts.plessis-robinson.com/privatisations
candidate,70,,,,ai_classify_batch_0.jsonl,extracted_from_listing,venue_venue_maisondesarts.plessis-robinson.com_privatisation maison des arts de plessis robinson privatisation maison des arts de plessis robinson_,venue_venue_maisondesarts.plessis-robinson.com_privatisation maison des arts de plessis robinson privatisation maison des arts de plessis robinson__x6_d529a4c41b,to_contact,0,,single venue,,0.65,,,salle_de_conf_rence_,92,Single venue privatization page for Maison des Arts du Plessis-Robinson. Clear 'privatisation' rental signal. Lists 8 distinct event spaces with capacities. Contact information present but pricing is missing. Marked as single_venue with extracted_venues for sub-spaces.,"capacity, city, email, phone, price",Single venue privatization page for Maison des Arts du Plessis-Robinson. Clear 'privatisation' rental signal. Lists 8 distinct event spaces with capacities. Contact information present but pricing is missing. Marked as single_venue with extracted_venues for sub-spaces.,70,3/8,ai_adaptive_extracted,2026-06-20,single_venue,in_scope,no,2026-06-20,,,"capacity, city, email, phone, price",Salle de Conférence,1,single_venue,0,,no,,,Single venue privatization page for Maison des Arts du Plessis-Robinson. Clear 'privatisation' rental signal. Lists 8 distinct event spaces with capacities. Contact information present but pricing is missing. Marked as single_venue with extracted_venues for sub-spaces.,0.85,possible,0.65,maisondesarts.plessis-robinson.com,S3,https://maisondesarts.plessis-robinson.com/privatisations,,https://maisondesarts.plessis-robinson.com/privatisations,https://maisondesarts.plessis-robinson.com/privatisations
candidate,70,,,,ai_classify_batch_0.jsonl,extracted_from_listing,venue_venue_maisondesarts.plessis-robinson.com_privatisation maison des arts de plessis robinson privatisation maison des arts de plessis robinson_,venue_venue_maisondesarts.plessis-robinson.com_privatisation maison des arts de plessis robinson privatisation maison des arts de plessis robinson__x7_08c11ee399,to_contact,0,,single venue,,0.65,,,musiques_actuelles_studios_,92,Single venue privatization page for Maison des Arts du Plessis-Robinson. Clear 'privatisation' rental signal. Lists 8 distinct event spaces with capacities. Contact information present but pricing is missing. Marked as single_venue with extracted_venues for sub-spaces.,"capacity, city, email, phone, price",Single venue privatization page for Maison des Arts du Plessis-Robinson. Clear 'privatisation' rental signal. Lists 8 distinct event spaces with capacities. Contact information present but pricing is missing. Marked as single_venue with extracted_venues for sub-spaces.,70,3/8,ai_adaptive_extracted,2026-06-20,single_venue,in_scope,no,2026-06-20,,,"capacity, city, email, phone, price",Musiques Actuelles (studios),1,single_venue,0,,no,,,Single venue privatization page for Maison des Arts du Plessis-Robinson. Clear 'privatisation' rental signal. Lists 8 distinct event spaces with capacities. Contact information present but pricing is missing. Marked as single_venue with extracted_venues for sub-spaces.,0.85,possible,0.65,maisondesarts.plessis-robinson.com,S3,https://maisondesarts.plessis-robinson.com/privatisations,,https://maisondesarts.plessis-robinson.com/privatisations,https://maisondesarts.plessis-robinson.com/privatisations
candidate,70,,,,ai_classify_batch_0.jsonl,extracted_from_listing,venue_venue_le-rooftop.com_le rooftop espaces de location evenementielle situe a champignysurmarne 94 location de salle 309 avenue du general de gaulle champignysurmarne france_,venue_venue_le-rooftop.com_le rooftop espaces de location evenementielle situe a champignysurmarne 94 location de salle 309 avenue du general de gaulle champignysurmarne france__x0_8e65bbed75,to_contact,0,,single venue,,0.65,,,salon_eastside_,94,"Single venue rental page for Le Rooftop in Champigny-sur-Marne. Clear 'location événementielle' rental signal. Lists 3 main event spaces (EastSide, WestView, Salle de Réunion) with detailed capacities and extensive AV equipment specs. Direct booking venue, not an aggregator. Marked as single_venue with extracted_venues for sub-spaces.","capacity, city, email, phone, price","Single venue rental page for Le Rooftop in Champigny-sur-Marne. Clear 'location événementielle' rental signal. Lists 3 main event spaces (EastSide, WestView, Salle de Réunion) with detailed capacities and extensive AV equipment specs. Direct booking venue, not an aggregator. Marked as single_venue with extracted_venues for sub-spaces.",70,3/8,ai_adaptive_extracted,2026-06-20,single_venue,in_scope,no,2026-06-20,,,"capacity, city, email, phone, price",Salon EastSide,1,single_venue,0,,no,,,"Single venue rental page for Le Rooftop in Champigny-sur-Marne. Clear 'location événementielle' rental signal. Lists 3 main event spaces (EastSide, WestView, Salle de Réunion) with detailed capacities and extensive AV equipment specs. Direct booking venue, not an aggregator. Marked as single_venue with extracted_venues for sub-spaces.",0.85,possible,0.65,le-rooftop.com,S4,https://www.le-rooftop.com,,https://www.le-rooftop.com,https://www.le-rooftop.com
candidate,70,,,,ai_classify_batch_0.jsonl,extracted_from_listing,venue_venue_le-rooftop.com_le rooftop espaces de location evenementielle situe a champignysurmarne 94 location de salle 309 avenue du general de gaulle champignysurmarne france_,venue_venue_le-rooftop.com_le rooftop espaces de location evenementielle situe a champignysurmarne 94 location de salle 309 avenue du general de gaulle champignysurmarne france__x1_2bd3ee1566,to_contact,0,,single venue,,0.65,,,salon_westview_,94,"Single venue rental page for Le Rooftop in Champigny-sur-Marne. Clear 'location événementielle' rental signal. Lists 3 main event spaces (EastSide, WestView, Salle de Réunion) with detailed capacities and extensive AV equipment specs. Direct booking venue, not an aggregator. Marked as single_venue with extracted_venues for sub-spaces.","capacity, city, email, phone, price","Single venue rental page for Le Rooftop in Champigny-sur-Marne. Clear 'location événementielle' rental signal. Lists 3 main event spaces (EastSide, WestView, Salle de Réunion) with detailed capacities and extensive AV equipment specs. Direct booking venue, not an aggregator. Marked as single_venue with extracted_venues for sub-spaces.",70,3/8,ai_adaptive_extracted,2026-06-20,single_venue,in_scope,no,2026-06-20,,,"capacity, city, email, phone, price",Salon WestView,1,single_venue,0,,no,,,"Single venue rental page for Le Rooftop in Champigny-sur-Marne. Clear 'location événementielle' rental signal. Lists 3 main event spaces (EastSide, WestView, Salle de Réunion) with detailed capacities and extensive AV equipment specs. Direct booking venue, not an aggregator. Marked as single_venue with extracted_venues for sub-spaces.",0.85,possible,0.65,le-rooftop.com,S4,https://www.le-rooftop.com,,https://www.le-rooftop.com,https://www.le-rooftop.com
candidate,70,,,,ai_classify_batch_0.jsonl,extracted_from_listing,venue_venue_le-rooftop.com_le rooftop espaces de location evenementielle situe a champignysurmarne 94 location de salle 309 avenue du general de gaulle champignysurmarne france_,venue_venue_le-rooftop.com_le rooftop espaces de location evenementielle situe a champignysurmarne 94 location de salle 309 avenue du general de gaulle champignysurmarne france__x2_b24a9fed61,to_contact,0,,single venue,,0.65,,,salle_de_r_union_,94,"Single venue rental page for Le Rooftop in Champigny-sur-Marne. Clear 'location événementielle' rental signal. Lists 3 main event spaces (EastSide, WestView, Salle de Réunion) with detailed capacities and extensive AV equipment specs. Direct booking venue, not an aggregator. Marked as single_venue with extracted_venues for sub-spaces.","capacity, city, email, phone, price","Single venue rental page for Le Rooftop in Champigny-sur-Marne. Clear 'location événementielle' rental signal. Lists 3 main event spaces (EastSide, WestView, Salle de Réunion) with detailed capacities and extensive AV equipment specs. Direct booking venue, not an aggregator. Marked as single_venue with extracted_venues for sub-spaces.",70,3/8,ai_adaptive_extracted,2026-06-20,single_venue,in_scope,no,2026-06-20,,,"capacity, city, email, phone, price",Salle de Réunion,1,single_venue,0,,no,,,"Single venue rental page for Le Rooftop in Champigny-sur-Marne. Clear 'location événementielle' rental signal. Lists 3 main event spaces (EastSide, WestView, Salle de Réunion) with detailed capacities and extensive AV equipment specs. Direct booking venue, not an aggregator. Marked as single_venue with extracted_venues for sub-spaces.",0.85,possible,0.65,le-rooftop.com,S4,https://www.le-rooftop.com,,https://www.le-rooftop.com,https://www.le-rooftop.com
candidate,70,,,,ai_classify_batch_0.jsonl,extracted_from_listing,venue_venue_ville-chevilly-larue.fr_louer une salle municipale chevillylarue_,venue_venue_ville-chevilly-larue.fr_louer une salle municipale chevillylarue__x0_7f994236ec,to_contact,0,,municipal hall listing,,0.65,,,salle_jos_phine_baker_,94,"Municipal hall rental page for Chevilly-Larue listing 3 halls for rent: Salle Joséphine Baker, Salle Simone de Beauvoir, Espace Jacqueline Auriol. Clear 'louer une salle municipale' rental signal. Street addresses provided for each hall. PHone contact for reservations present. Missing capacity and pricing details. Marked as municipal_hall_listing.","capacity, city, email, phone, price","Municipal hall rental page for Chevilly-Larue listing 3 halls for rent: Salle Joséphine Baker, Salle Simone de Beauvoir, Espace Jacqueline Auriol. Clear 'louer une salle municipale' rental signal. Street addresses provided for each hall. PHone contact for reservations present. Missing capacity and pricing details. Marked as municipal_hall_listing.",70,3/8,ai_adaptive_extracted,2026-06-20,municipal_hall_listing,in_scope,no,2026-06-20,,,"capacity, city, email, phone, price",Salle Joséphine Baker,2,municipal_hall_listing,0,,no,,,"Municipal hall rental page for Chevilly-Larue listing 3 halls for rent: Salle Joséphine Baker, Salle Simone de Beauvoir, Espace Jacqueline Auriol. Clear 'louer une salle municipale' rental signal. Street addresses provided for each hall. PHone contact for reservations present. Missing capacity and pricing details. Marked as municipal_hall_listing.",0.85,possible,0.65,ville-chevilly-larue.fr,S4,https://www.ville-chevilly-larue.fr/demarches-administratives/salle-municipale,,https://www.ville-chevilly-larue.fr/demarches-administratives/salle-municipale,https://www.ville-chevilly-larue.fr/demarches-administratives/salle-municipale
candidate,70,,,,ai_classify_batch_0.jsonl,extracted_from_listing,venue_venue_ville-chevilly-larue.fr_louer une salle municipale chevillylarue_,venue_venue_ville-chevilly-larue.fr_louer une salle municipale chevillylarue__x1_eda9c5eeff,to_contact,0,,municipal hall listing,,0.65,,,salle_simone_de_beauvoir_,94,"Municipal hall rental page for Chevilly-Larue listing 3 halls for rent: Salle Joséphine Baker, Salle Simone de Beauvoir, Espace Jacqueline Auriol. Clear 'louer une salle municipale' rental signal. Street addresses provided for each hall. PHone contact for reservations present. Missing capacity and pricing details. Marked as municipal_hall_listing.","capacity, city, email, phone, price","Municipal hall rental page for Chevilly-Larue listing 3 halls for rent: Salle Joséphine Baker, Salle Simone de Beauvoir, Espace Jacqueline Auriol. Clear 'louer une salle municipale' rental signal. Street addresses provided for each hall. PHone contact for reservations present. Missing capacity and pricing details. Marked as municipal_hall_listing.",70,3/8,ai_adaptive_extracted,2026-06-20,municipal_hall_listing,in_scope,no,2026-06-20,,,"capacity, city, email, phone, price",Salle Simone de Beauvoir,2,municipal_hall_listing,0,,no,,,"Municipal hall rental page for Chevilly-Larue listing 3 halls for rent: Salle Joséphine Baker, Salle Simone de Beauvoir, Espace Jacqueline Auriol. Clear 'louer une salle municipale' rental signal. Street addresses provided for each hall. PHone contact for reservations present. Missing capacity and pricing details. Marked as municipal_hall_listing.",0.85,possible,0.65,ville-chevilly-larue.fr,S4,https://www.ville-chevilly-larue.fr/demarches-administratives/salle-municipale,,https://www.ville-chevilly-larue.fr/demarches-administratives/salle-municipale,https://www.ville-chevilly-larue.fr/demarches-administratives/salle-municipale
candidate,70,,,,ai_classify_batch_0.jsonl,extracted_from_listing,venue_venue_ville-chevilly-larue.fr_louer une salle municipale chevillylarue_,venue_venue_ville-chevilly-larue.fr_louer une salle municipale chevillylarue__x2_e3619a4458,to_contact,0,,municipal hall listing,,0.65,,,espace_jacqueline_auriol_,94,"Municipal hall rental page for Chevilly-Larue listing 3 halls for rent: Salle Joséphine Baker, Salle Simone de Beauvoir, Espace Jacqueline Auriol. Clear 'louer une salle municipale' rental signal. Street addresses provided for each hall. PHone contact for reservations present. Missing capacity and pricing details. Marked as municipal_hall_listing.","capacity, city, email, phone, price","Municipal hall rental page for Chevilly-Larue listing 3 halls for rent: Salle Joséphine Baker, Salle Simone de Beauvoir, Espace Jacqueline Auriol. Clear 'louer une salle municipale' rental signal. Street addresses provided for each hall. PHone contact for reservations present. Missing capacity and pricing details. Marked as municipal_hall_listing.",70,3/8,ai_adaptive_extracted,2026-06-20,municipal_hall_listing,in_scope,no,2026-06-20,,,"capacity, city, email, phone, price",Espace Jacqueline Auriol,2,municipal_hall_listing,0,,no,,,"Municipal hall rental page for Chevilly-Larue listing 3 halls for rent: Salle Joséphine Baker, Salle Simone de Beauvoir, Espace Jacqueline Auriol. Clear 'louer une salle municipale' rental signal. Street addresses provided for each hall. PHone contact for reservations present. Missing capacity and pricing details. Marked as municipal_hall_listing.",0.85,possible,0.65,ville-chevilly-larue.fr,S4,https://www.ville-chevilly-larue.fr/demarches-administratives/salle-municipale,,https://www.ville-chevilly-larue.fr/demarches-administratives/salle-municipale,https://www.ville-chevilly-larue.fr/demarches-administratives/salle-municipale
candidate,70,,,,ai_classify_batch_0.jsonl,extracted_from_listing,venue_venue_mairie-orly.fr_reserver une salle mairie orly_,venue_venue_mairie-orly.fr_reserver une salle mairie orly__x0_9a05d362d5,to_contact,0,,municipal hall listing,,0.65,,,salle_marco_polo_,94,"Municipal hall rental page for Orly. Clear 'réserver une salle' rental signal. Lists Salle Marco Polo and Espace Gilbert Bécaud (3 sub-rooms) with detailed capacities and tariffs (e.g., Emily/Désirée 400€, Nathalie 800€). Reservation via email. Marked as municipal_hall_listing with extracted_venues.","capacity, city, email, phone, price","Municipal hall rental page for Orly. Clear 'réserver une salle' rental signal. Lists Salle Marco Polo and Espace Gilbert Bécaud (3 sub-rooms) with detailed capacities and tariffs (e.g., Emily/Désirée 400€, Nathalie 800€). Reservation via email. Marked as municipal_hall_listing with extracted_venues.",70,3/8,ai_adaptive_extracted,2026-06-20,municipal_hall_listing,in_scope,no,2026-06-20,,,"capacity, city, email, phone, price",Salle Marco Polo,1,municipal_hall_listing,0,,no,,,"Municipal hall rental page for Orly. Clear 'réserver une salle' rental signal. Lists Salle Marco Polo and Espace Gilbert Bécaud (3 sub-rooms) with detailed capacities and tariffs (e.g., Emily/Désirée 400€, Nathalie 800€). Reservation via email. Marked as municipal_hall_listing with extracted_venues.",0.85,possible,0.65,mairie-orly.fr,S4,https://www.mairie-orly.fr/reserver-une-salle,,https://www.mairie-orly.fr/reserver-une-salle,https://www.mairie-orly.fr/reserver-une-salle
candidate,70,,,,ai_classify_batch_0.jsonl,extracted_from_listing,venue_venue_mairie-orly.fr_reserver une salle mairie orly_,venue_venue_mairie-orly.fr_reserver une salle mairie orly__x1_5233128aa7,to_contact,0,,municipal hall listing,,0.65,,,espace_gilbert_b_caud_salle_emily_,94,"Municipal hall rental page for Orly. Clear 'réserver une salle' rental signal. Lists Salle Marco Polo and Espace Gilbert Bécaud (3 sub-rooms) with detailed capacities and tariffs (e.g., Emily/Désirée 400€, Nathalie 800€). Reservation via email. Marked as municipal_hall_listing with extracted_venues.","capacity, city, email, phone, price","Municipal hall rental page for Orly. Clear 'réserver une salle' rental signal. Lists Salle Marco Polo and Espace Gilbert Bécaud (3 sub-rooms) with detailed capacities and tariffs (e.g., Emily/Désirée 400€, Nathalie 800€). Reservation via email. Marked as municipal_hall_listing with extracted_venues.",70,3/8,ai_adaptive_extracted,2026-06-20,municipal_hall_listing,in_scope,no,2026-06-20,,,"capacity, city, email, phone, price",Espace Gilbert Bécaud - Salle Emily,1,municipal_hall_listing,0,,no,,,"Municipal hall rental page for Orly. Clear 'réserver une salle' rental signal. Lists Salle Marco Polo and Espace Gilbert Bécaud (3 sub-rooms) with detailed capacities and tariffs (e.g., Emily/Désirée 400€, Nathalie 800€). Reservation via email. Marked as municipal_hall_listing with extracted_venues.",0.85,possible,0.65,mairie-orly.fr,S4,https://www.mairie-orly.fr/reserver-une-salle,,https://www.mairie-orly.fr/reserver-une-salle,https://www.mairie-orly.fr/reserver-une-salle
candidate,70,,,,ai_classify_batch_0.jsonl,extracted_from_listing,venue_venue_mairie-orly.fr_reserver une salle mairie orly_,venue_venue_mairie-orly.fr_reserver une salle mairie orly__x2_ea8aa9e358,to_contact,0,,municipal hall listing,,0.65,,,espace_gilbert_b_caud_salle_d_sir_e_,94,"Municipal hall rental page for Orly. Clear 'réserver une salle' rental signal. Lists Salle Marco Polo and Espace Gilbert Bécaud (3 sub-rooms) with detailed capacities and tariffs (e.g., Emily/Désirée 400€, Nathalie 800€). Reservation via email. Marked as municipal_hall_listing with extracted_venues.","capacity, city, email, phone, price","Municipal hall rental page for Orly. Clear 'réserver une salle' rental signal. Lists Salle Marco Polo and Espace Gilbert Bécaud (3 sub-rooms) with detailed capacities and tariffs (e.g., Emily/Désirée 400€, Nathalie 800€). Reservation via email. Marked as municipal_hall_listing with extracted_venues.",70,3/8,ai_adaptive_extracted,2026-06-20,municipal_hall_listing,in_scope,no,2026-06-20,,,"capacity, city, email, phone, price",Espace Gilbert Bécaud - Salle Désirée,1,municipal_hall_listing,0,,no,,,"Municipal hall rental page for Orly. Clear 'réserver une salle' rental signal. Lists Salle Marco Polo and Espace Gilbert Bécaud (3 sub-rooms) with detailed capacities and tariffs (e.g., Emily/Désirée 400€, Nathalie 800€). Reservation via email. Marked as municipal_hall_listing with extracted_venues.",0.85,possible,0.65,mairie-orly.fr,S4,https://www.mairie-orly.fr/reserver-une-salle,,https://www.mairie-orly.fr/reserver-une-salle,https://www.mairie-orly.fr/reserver-une-salle
candidate,70,,,,ai_classify_batch_0.jsonl,extracted_from_listing,venue_venue_mairie-orly.fr_reserver une salle mairie orly_,venue_venue_mairie-orly.fr_reserver une salle mairie orly__x3_cbbb3d1b35,to_contact,0,,municipal hall listing,,0.65,,,espace_gilbert_b_caud_salle_nathalie_,94,"Municipal hall rental page for Orly. Clear 'réserver une salle' rental signal. Lists Salle Marco Polo and Espace Gilbert Bécaud (3 sub-rooms) with detailed capacities and tariffs (e.g., Emily/Désirée 400€, Nathalie 800€). Reservation via email. Marked as municipal_hall_listing with extracted_venues.","capacity, city, email, phone, price","Municipal hall rental page for Orly. Clear 'réserver une salle' rental signal. Lists Salle Marco Polo and Espace Gilbert Bécaud (3 sub-rooms) with detailed capacities and tariffs (e.g., Emily/Désirée 400€, Nathalie 800€). Reservation via email. Marked as municipal_hall_listing with extracted_venues.",70,3/8,ai_adaptive_extracted,2026-06-20,municipal_hall_listing,in_scope,no,2026-06-20,,,"capacity, city, email, phone, price",Espace Gilbert Bécaud - Salle Nathalie,1,municipal_hall_listing,0,,no,,,"Municipal hall rental page for Orly. Clear 'réserver une salle' rental signal. Lists Salle Marco Polo and Espace Gilbert Bécaud (3 sub-rooms) with detailed capacities and tariffs (e.g., Emily/Désirée 400€, Nathalie 800€). Reservation via email. Marked as municipal_hall_listing with extracted_venues.",0.85,possible,0.65,mairie-orly.fr,S4,https://www.mairie-orly.fr/reserver-une-salle,,https://www.mairie-orly.fr/reserver-une-salle,https://www.mairie-orly.fr/reserver-une-salle
candidate,70,,,,ai_classify_batch_0.jsonl,extracted_from_listing,venue_venue_charenton.fr_charentonfr locations de salles_,venue_venue_charenton.fr_charentonfr locations de salles__x0_79311b6edf,to_contact,0,,municipal hall listing,,0.65,,,espace_toffoli_salle_n_1_,94,"Municipal hall rental page for Espace Toffoli in Charenton-le-Pont. Clear 'locations de salles' rental signal. Detailed tariffs for 3 modular rooms (Salle 1: 455m²/200 seated, Salle 2: 315m²/120 seated, Salle 3: 140m²/50 seated) plus Salle du tribunal. Full 2026 pricing available. Marked as municipal_hall_listing with extracted_venues.","capacity, city, email, phone, price","Municipal hall rental page for Espace Toffoli in Charenton-le-Pont. Clear 'locations de salles' rental signal. Detailed tariffs for 3 modular rooms (Salle 1: 455m²/200 seated, Salle 2: 315m²/120 seated, Salle 3: 140m²/50 seated) plus Salle du tribunal. Full 2026 pricing available. Marked as municipal_hall_listing with extracted_venues.",70,3/8,ai_adaptive_extracted,2026-06-20,municipal_hall_listing,in_scope,no,2026-06-20,,,"capacity, city, email, phone, price",Espace Toffoli - Salle n°1,1,municipal_hall_listing,0,,no,,,"Municipal hall rental page for Espace Toffoli in Charenton-le-Pont. Clear 'locations de salles' rental signal. Detailed tariffs for 3 modular rooms (Salle 1: 455m²/200 seated, Salle 2: 315m²/120 seated, Salle 3: 140m²/50 seated) plus Salle du tribunal. Full 2026 pricing available. Marked as municipal_hall_listing with extracted_venues.",0.85,possible,0.65,charenton.fr,S4,https://www.charenton.fr/decouvrir_charenton/locations_salles,,https://www.charenton.fr/decouvrir_charenton/locations_salles,https://www.charenton.fr/decouvrir_charenton/locations_salles
candidate,70,,,,ai_classify_batch_0.jsonl,extracted_from_listing,venue_venue_charenton.fr_charentonfr locations de salles_,venue_venue_charenton.fr_charentonfr locations de salles__x1_359d5ebf23,to_contact,0,,municipal hall listing,,0.65,,,espace_toffoli_salle_n_2_,94,"Municipal hall rental page for Espace Toffoli in Charenton-le-Pont. Clear 'locations de salles' rental signal. Detailed tariffs for 3 modular rooms (Salle 1: 455m²/200 seated, Salle 2: 315m²/120 seated, Salle 3: 140m²/50 seated) plus Salle du tribunal. Full 2026 pricing available. Marked as municipal_hall_listing with extracted_venues.","capacity, city, email, phone, price","Municipal hall rental page for Espace Toffoli in Charenton-le-Pont. Clear 'locations de salles' rental signal. Detailed tariffs for 3 modular rooms (Salle 1: 455m²/200 seated, Salle 2: 315m²/120 seated, Salle 3: 140m²/50 seated) plus Salle du tribunal. Full 2026 pricing available. Marked as municipal_hall_listing with extracted_venues.",70,3/8,ai_adaptive_extracted,2026-06-20,municipal_hall_listing,in_scope,no,2026-06-20,,,"capacity, city, email, phone, price",Espace Toffoli - Salle n°2,1,municipal_hall_listing,0,,no,,,"Municipal hall rental page for Espace Toffoli in Charenton-le-Pont. Clear 'locations de salles' rental signal. Detailed tariffs for 3 modular rooms (Salle 1: 455m²/200 seated, Salle 2: 315m²/120 seated, Salle 3: 140m²/50 seated) plus Salle du tribunal. Full 2026 pricing available. Marked as municipal_hall_listing with extracted_venues.",0.85,possible,0.65,charenton.fr,S4,https://www.charenton.fr/decouvrir_charenton/locations_salles,,https://www.charenton.fr/decouvrir_charenton/locations_salles,https://www.charenton.fr/decouvrir_charenton/locations_salles
candidate,70,,,,ai_classify_batch_0.jsonl,extracted_from_listing,venue_venue_charenton.fr_charentonfr locations de salles_,venue_venue_charenton.fr_charentonfr locations de salles__x2_9b2d4b38f4,to_contact,0,,municipal hall listing,,0.65,,,espace_toffoli_salle_n_3_,94,"Municipal hall rental page for Espace Toffoli in Charenton-le-Pont. Clear 'locations de salles' rental signal. Detailed tariffs for 3 modular rooms (Salle 1: 455m²/200 seated, Salle 2: 315m²/120 seated, Salle 3: 140m²/50 seated) plus Salle du tribunal. Full 2026 pricing available. Marked as municipal_hall_listing with extracted_venues.","capacity, city, email, phone, price","Municipal hall rental page for Espace Toffoli in Charenton-le-Pont. Clear 'locations de salles' rental signal. Detailed tariffs for 3 modular rooms (Salle 1: 455m²/200 seated, Salle 2: 315m²/120 seated, Salle 3: 140m²/50 seated) plus Salle du tribunal. Full 2026 pricing available. Marked as municipal_hall_listing with extracted_venues.",70,3/8,ai_adaptive_extracted,2026-06-20,municipal_hall_listing,in_scope,no,2026-06-20,,,"capacity, city, email, phone, price",Espace Toffoli - Salle n°3,1,municipal_hall_listing,0,,no,,,"Municipal hall rental page for Espace Toffoli in Charenton-le-Pont. Clear 'locations de salles' rental signal. Detailed tariffs for 3 modular rooms (Salle 1: 455m²/200 seated, Salle 2: 315m²/120 seated, Salle 3: 140m²/50 seated) plus Salle du tribunal. Full 2026 pricing available. Marked as municipal_hall_listing with extracted_venues.",0.85,possible,0.65,charenton.fr,S4,https://www.charenton.fr/decouvrir_charenton/locations_salles,,https://www.charenton.fr/decouvrir_charenton/locations_salles,https://www.charenton.fr/decouvrir_charenton/locations_salles
candidate,70,,,,ai_classify_batch_0.jsonl,extracted_from_listing,venue_venue_charenton.fr_charentonfr locations de salles_,venue_venue_charenton.fr_charentonfr locations de salles__x3_0853d708e8,to_contact,0,,municipal hall listing,,0.65,,,salle_du_tribunal_de_proximit_,94,"Municipal hall rental page for Espace Toffoli in Charenton-le-Pont. Clear 'locations de salles' rental signal. Detailed tariffs for 3 modular rooms (Salle 1: 455m²/200 seated, Salle 2: 315m²/120 seated, Salle 3: 140m²/50 seated) plus Salle du tribunal. Full 2026 pricing available. Marked as municipal_hall_listing with extracted_venues.","capacity, city, email, phone, price","Municipal hall rental page for Espace Toffoli in Charenton-le-Pont. Clear 'locations de salles' rental signal. Detailed tariffs for 3 modular rooms (Salle 1: 455m²/200 seated, Salle 2: 315m²/120 seated, Salle 3: 140m²/50 seated) plus Salle du tribunal. Full 2026 pricing available. Marked as municipal_hall_listing with extracted_venues.",70,3/8,ai_adaptive_extracted,2026-06-20,municipal_hall_listing,in_scope,no,2026-06-20,,,"capacity, city, email, phone, price",Salle du tribunal de proximité,1,municipal_hall_listing,0,,no,,,"Municipal hall rental page for Espace Toffoli in Charenton-le-Pont. Clear 'locations de salles' rental signal. Detailed tariffs for 3 modular rooms (Salle 1: 455m²/200 seated, Salle 2: 315m²/120 seated, Salle 3: 140m²/50 seated) plus Salle du tribunal. Full 2026 pricing available. Marked as municipal_hall_listing with extracted_venues.",0.85,possible,0.65,charenton.fr,S4,https://www.charenton.fr/decouvrir_charenton/locations_salles,,https://www.charenton.fr/decouvrir_charenton/locations_salles,https://www.charenton.fr/decouvrir_charenton/locations_salles
