id,name,category,address,city,department,lat,lon,geocode_score,geocode_label,capacity_text,capacity_min,capacity_max,website,contact,pros,cons,source_url,confidence,quality_score,fit_score,last_checked
idf-001-forum-des-images,Forum des images,centre culturel / cinéma,"2 rue du Cinéma, Forum des Halles, 75001 Paris",Paris,75,48.859137,2.347447,0.5671229809725158,2 Rue des Halles 75001 Paris,"100, 274, 444 places ; espaces réception 120 à 440 personnes",100,444,https://www.forumdesimages.fr,privatisations@forumdesimages.fr ; 01 44 76 62 16,central | auditoriums + foyers | contact direct,plutôt semaine | certaines jauges >300,https://www.forumdesimages.fr/privatisation-despaces,high,90,90,2026-06-19
idf-002-maison-de-la-chimie,Maison de la Chimie,centre de conférences,"28 rue Saint-Dominique, 75007 Paris",Paris,75,48.859961,2.317121,0.9759890909090908,28 Rue Saint-Dominique 75007 Paris,salles 15 à 300 personnes ; amphithéâtre 216 places,15,300,https://maisondelachimie.com,+33 1 40 62 27 00 ; formulaire devis,institutionnel | nombreuses salles | conférences/séminaires,tarifs sur devis | choix salle à cadrer,https://maisondelachimie.com/evenementiel-paris/nos-espaces,high,90,85,2026-06-19
idf-003-mus-e-national-de-la-marine-l-astrolab,Musée national de la Marine - L’Astrolab,musée / auditorium,"17 place du Trocadéro et du 11 Novembre, 75116 Paris",Paris,75,48.862207,2.287343,0.7103711961722488,17 Place du Trocadéro et du Onze Novembre 75016 Paris,auditorium 200 places + foyer + salles réunion,200,200,https://www.musee-marine.fr,formulaire sur site,auditorium cible | cadre rénové | Trocadéro,contact direct à confirmer | contraintes musée,https://www.musee-marine.fr/professionnels/entreprise/location-despace.html,high,90,100,2026-06-19
idf-004-mus-e-rodin,Musée Rodin,musée / jardin,"77 rue de Varenne, 75007 Paris",Paris,75,48.855866,2.315993,0.9737454545454546,77 Rue de Varenne 75007 Paris,2 à 1500 invités selon espaces,1500,1500,https://www.musee-rodin.fr,formulaire page privatisation,patrimonial | jardin | prestige,créneaux contraints | premium,https://www.musee-rodin.fr/professionnels/location-despaces,high,90,60,2026-06-19
idf-005-la-ga-t-lyrique,La Gaîté Lyrique,centre culturel / auditorium,"3 bis rue Papin, 75003 Paris",Paris,75,48.866831,2.353591,0.6803997202797203,3b Rue Papin 75003 Paris,Audito 126 places ; grande salle 304 places conférence,126,304,https://www.gaite-lyrique.net,privatisations@gaite-lyrique.net,créatif | central | AV avancé,programmation culturelle | grande salle limite >300,https://www.gaite-lyrique.net/infos-pratiques/le-lieu/grande-salle,high,90,100,2026-06-19
idf-006-palais-de-tokyo,Palais de Tokyo,centre art contemporain,"13 avenue du Président Wilson, 75116 Paris",Paris,75,48.864615,2.294571,0.7485781818181818,Avenue du Président Wilson 75016 Paris,espaces 180 à 1300 m²,180,1300,https://palaisdetokyo.com,evenementiel@palaisdetokyo.com,très identifiable | espaces atypiques | contact direct,certains espaces très grands | contraintes exposition,https://palaisdetokyo.com/privatisations,high,90,75,2026-06-19
idf-007-les-salons-hoche,Les Salons Hoche,salons réception,"9 avenue Hoche, 75008 Paris",Paris,75,48.877212,2.30376,0.9711372727272727,9 Avenue Hoche 75008 Paris,Salon Élysée jusqu’à 300 cocktail / 250 dîner / 200 théâtre,200,300,https://www.salons-hoche.fr,contact@salons-hoche.fr ; 01 53 53 93 93,clé en main | prestige | accès Étoile,premium | capacités à confirmer,https://www.salons-hoche.fr,high,90,85,2026-06-19
idf-008-espace-saint-martin,Espace Saint-Martin,centre congrès / salles,"199 bis rue Saint-Martin, 75003 Paris",Paris,75,48.863373,2.352444,0.7278379361179361,199b Rue Saint-Martin 75003 Paris,9 salles ; 8 à 350 places,350,350,https://www.espacesaintmartin.com,,central | modulable | PMR,contact à compléter | auditorium >300,https://www.espacesaintmartin.com,high,70,40,2026-06-19
idf-009-bnf-richelieu-fran-ois-mitterrand,BnF Richelieu / François-Mitterrand,institution culturelle,"5 rue Vivienne, 75002 Paris",Paris,75,48.867022,2.338909,0.9676127272727272,5 Rue Vivienne 75002 Paris,Salle Ovale 300 cocktail ; auditoriums 200/350 places,200,350,https://www.bnf.fr,federica.serputi@bnf.fr ; pauline.denis@bnf.fr ; gilles.monfray@bnf.fr,patrimonial + contemporain | auditoriums cible | contacts nominatifs,multi-sites | contraintes horaires,https://www.bnf.fr/fr/location-despaces,high,90,100,2026-06-19
idf-010-espace-cl-ry,Espace Cléry,salles réunion / verrière,"17 rue de Cléry, 75002 Paris",Paris,75,48.867935,2.345883,0.9698254545454544,17 Rue de Cléry 75002 Paris,20 salles ; Verrière jusqu’à 150 assis / 200 personnes,20,200,https://www.formeret.fr,contact@formeret.fr ; 01 42 46 79 77,central | sous-commissions | verrière,numéros à confirmer | sur devis,https://www.formeret.fr/en/our-spaces/clery,high,90,85,2026-06-19
idf-011-pavillon-wagram,Pavillon Wagram,hôtel particulier / réception,"47 avenue de Wagram, 75017 Paris",Paris,75,48.877511,2.297463,0.9801890909090909,47 Avenue de Wagram 75017 Paris,270 théâtre ; 290 repas ; 600 cocktail,270,600,https://pavillonwagram.com,pavillonwagram@lieuxdemotions.fr ; 01 49 29 50 50,près Étoile | art déco | 270 théâtre,premium | cocktail >300,https://pavillonwagram.com,high,90,75,2026-06-19
idf-012-la-caserne,La Caserne,tiers-lieu / événement responsable,"12 rue Philippe de Girard, 75010 Paris",Paris,75,48.881648,2.362021,0.9721636363636362,12 Rue Philippe de Girard 75010 Paris,"espaces 80 à 880 m² ; talkroom 176 m², rooftop 280 m²",80,880,https://www.lacaserneparis.com,formulaire de devis,hybride/engagé | rooftop | nombreux espaces,capacités personnes à confirmer | formulaire,https://www.lacaserneparis.com/privatisation-espaces-la-caserne,high,90,90,2026-06-19
idf-013-hangar-y,Hangar Y,patrimoine / atypique,"9 avenue de Trivaux, 92190 Meudon",Meudon,92,48.798874,2.233179,0.9642272727272727,9 Avenue de Trivaux 92190 Meudon,espaces notamment 25 à 140 personnes ; jauge globale plus large,25,140,https://hangar-y.com/privatisation,privatisations@hangar-y.com,lieu patrimonial | proche Paris | formats 25-140,certaines jauges >300 | premium,https://hangar-y.com/privatisation,high,90,85,2026-06-19
idf-014-paris-la-d-fense-arena-salons,Paris La Défense Arena - salons,arena / salons corporate,"99 jardins de l’Arche, 92000 Nanterre",Nanterre,92,48.894924,2.229123,0.8098390909090908,99 Jardin de l'Arche 92000 Nanterre,10 espaces 90 à 910 m² ; 90 à 500 personnes,10,910,https://www.parisladefense-arena.com/convention-et-seminaires,contact via site officiel,salons modulables | technique | La Défense,certains espaces >300 | corporate,https://www.parisladefense-arena.com/convention-et-seminaires,high,90,75,2026-06-19
idf-015-domaine-national-de-saint-cloud-espace-de-l-institut,Domaine national de Saint-Cloud - espace de l’Institut,domaine / patrimoine,"Domaine national de Saint-Cloud, 92210 Saint-Cloud",Saint-Cloud,92,48.828697,2.211503,0.46772181818181824,Dom Nat du Parc de St Clou 92210 Saint-Cloud,30 assis / 50 debout + jardin privatif,30,50,https://www.domaine-saint-cloud.fr,01 44 61 20 30 ; location@monuments-nationaux.fr,cadre fort | jardin privatif | petit format,capacité limitée | contraintes patrimoniales,https://www.domaine-saint-cloud.fr/privatisation/evenements-professionnels-cocktails-seminaires,high,90,100,2026-06-19
idf-016-mac-val,MAC VAL,musée / auditorium,"Place de la Libération, 94400 Vitry-sur-Seine",Vitry-sur-Seine,94,48.792821,2.387072,0.9592963636363635,Place de la Libération 94400 Vitry-sur-Seine,auditorium 146 places + hall/salon/jardin,146,146,https://www.macval.fr/Privatiser,01 43 91 64 20 ; contact@macval.fr,lieu culturel atypique | auditorium cible | espaces complémentaires,programmation | détails par espace à confirmer,https://www.macval.fr/Privatiser,high,90,100,2026-06-19
idf-017-ch-teau-de-vincennes,Château de Vincennes,monument national,"Avenue de Paris, 94300 Vincennes",Vincennes,94,48.845501,2.429128,0.9751299999999999,Avenue de Paris 94300 Vincennes,Sainte-Chapelle 200 assis / 250 debout ; casemates 25-80,25,250,https://www.chateau-de-vincennes.fr,contact via page officielle,historique | portes de Paris | 25-250 personnes,contraintes monument | contact direct à compléter,https://www.chateau-de-vincennes.fr/privatisation/evenements-professionnels-cocktails-seminaires,high,90,85,2026-06-19
idf-018-la-cit-fertile,La Cité Fertile,tiers-lieu,"14 avenue Édouard Vaillant, 93500 Pantin",Pantin,93,48.899309,2.397498,0.974280909090909,14 Avenue Édouard Vaillant 93500 Pantin,espaces privatisables ; certains formats <200 ; global jusqu’à 2000,200,2000,https://citefertile.com/privatisations,01 48 43 04 60 ; contact@citefertile.com,tiers-lieu emblématique | nombreux formats | contact clair,capacités à confirmer | forte demande,https://citefertile.com/privatisations,medium,82,75,2026-06-19
idf-019-la-marbrerie,La Marbrerie,lieu culturel / industriel,"21 rue Alexis Lepère, 93100 Montreuil",Montreuil,93,48.864321,2.440417,0.9777354545454545,21 Rue Alexis Lepere 93100 Montreuil,650 debout ; 330 assises,330,650,https://lamarbrerie.fr/privatisation,01 43 62 71 19 ; privatisation@lamarbrerie.fr,industriel atypique | proche métro | grande salle,330 assis limite >300 | programmation,https://lamarbrerie.fr/privatisation,high,90,60,2026-06-19
idf-020-magasins-g-n-raux,Magasins Généraux,centre création / lieu culturel,"1 rue de l’Ancien Canal, 93500 Pantin",Pantin,93,48.894653,2.416079,0.9693972727272727,1 Rue de l’Ancien Canal 93500 Pantin,capacité à confirmer ; privatisation événements pro,,,https://magasinsgeneraux.com/partenaires,hello@magasinsgeneraux.com,bord canal | créatif | contact officiel,capacité à confirmer | sélection/devis,https://magasinsgeneraux.com/partenaires,medium,72,45,2026-06-19
idf-021-dock-b,Dock B,lieu hybride / restaurant,"1 place de la Pointe, 93500 Pantin",Pantin,93,48.894744,2.415431,0.9592445454545454,1 Place de la Pointe 93500 Pantin,750 m² intérieur ; convention env. 150 personnes selon sources,150,750,https://dockbpantin.com/privatisation,eliott@dockbpantin.com ; 01 41 71 49 69,hybride | format 150 | Pantin canal,capacités officielles à confirmer | cocktail >300,https://dockbpantin.com/privatisation,medium,82,60,2026-06-19
idf-022-ch-teau-de-janvry,Château de Janvry,château / domaine nature,"Rue du Château, 91640 Janvry",Janvry,91,48.649524,2.154366,0.535173223140496,Rue du Marchais 91640 Janvry,"séminaires et journées d’étude ; salons, ancienne cuisine, jardins ; domaine 200 ha",200,200,https://www.chateaudejanvry.com,+33 6 35 45 58 96 ; contact@chateaudejanvry.com,35 min sud Paris | nature | privatisation château,capacité précise à confirmer | transport collectif à vérifier,https://www.chateaudejanvry.com,medium,82,70,2026-06-19
idf-023-r-sidence-ch-teau-du-m-e,Résidence Château du Mée,hôtel / château séminaire,"571 avenue Jean Monnet, 77350 Le Mée-sur-Seine",Le Mée-sur-Seine,77,48.534401,2.624777,0.9563209090909089,571 Avenue Jean Monnet 77350 Le Mée-sur-Seine,salles de séminaires jusqu’à 80 personnes assises,80,80,https://www.rcdm.fr,contact via site officiel,accessible Paris | hébergement/restauration | 80 assis,capacité limitée | contact direct à compléter,https://www.rcdm.fr/fr/seminaires.html,high,90,85,2026-06-19
idf-024-ch-teau-des-bondons,Château des Bondons,château hôtel / séminaire,"47-49 rue des Bondons, 77260 La Ferté-sous-Jouarre",La Ferté-sous-Jouarre,77,48.948134,3.148729,0.8191790909090909,49 Rue des Bondons 77260 La Ferté-sous-Jouarre,salles pour séminaires entreprise ; capacité à confirmer,,,https://www.chateaudesbondons.com,contact via site officiel,site officiel séminaire | cadre château | équipe dédiée,jauge précise à vérifier | plus éloigné de Paris,https://www.chateaudesbondons.com/fr/seminaire-seine-et-marne.html,medium,72,30,2026-06-19
idf-025-domaine-des-hirondelles,Domaine des Hirondelles,domaine / réception,"25 rue de la Libération, 78125 La Boissière-École",Hameau de Craches / Rambouillet Territoires,78,48.683912,1.640734,0.570538128342246,25 Grande Rue 78125 La Boissière-École,200 assises / 300 cocktail selon Office de Tourisme Rambouillet,200,300,https://www.rambouillet-tourisme.fr,+33 1 34 83 05 51 ; +33 6 45 96 02 22,200-300 dans cible | source OT | nature Yvelines,site direct à retrouver | accès depuis Paris à vérifier,https://www.rambouillet-tourisme.fr/nos-sejours/sorties-en-groupes/les-lieux-de-receptions-et-seminaires-de-rambouillet-territoires,medium,82,70,2026-06-19
